Features,shap_values$mean_shap_score
CDK1,0.148070708
NUDCD1,0.041219951
CYP2A6,0.013084034
SEC31B,0.006360096
ADAM32,0.005566365
CBX3,0.004843991
MSI2,0.004207052
HSPA6,0.000804987
